id,unit_id,type,role,related_main_id,prompt,options,correct_index,image,audio,explanation
1,1,multiple_choice,main,,What does 'observability' mean?,See internals|Unit tests|Read logs,0,,,Observability is answering new questions using data a system already emits.
2,1,true_false,preview,1,Observability lets you answer new questions without new code.,,true,,,"Because observability provides deep insights into system behavior, you can investigate novel issues and ask questions about the system's state without needing to write specific logging code for every possibility."
3,1,true_false,exercise,1,Observability needs new code per question.,,false,,,The point is answering new questions from existing telemetry.
4,1,multiple_choice,exercise,1,Observability is mainly about:,Inspectability|Code style|Test count,0,,,"Observability is fundamentally concerned with understanding the internal state of a complex system by analyzing its outputs (like logs, metrics, and traces). Code style or test count are development practices, not core observability concerns."
5,1,select_blank,exercise,1,Good observability avoids ___ deploys to debug.,new|faster|fewer,0,,,"The goal of good observability is to reduce the need for risky, rapid deployments just to debug an issue. It allows you to diagnose problems in a controlled environment first."
6,1,multiple_choice,exercise,1,Monitoring watches known things; observability:,Answers new|Same thing|Only logs,0,,,"Monitoring is designed to tell you if something *known* is broken (e.g., CPU usage > 90%). Observability goes further by helping you understand the 'why' when unexpected things happen, allowing you to answer novel questions."
7,1,true_false,exercise,1,Observability only matters during outages.,,false,,,It also aids performance tuning and capacity planning.
8,2,multiple_choice,main,,Which signal shows a request's path?,Traces|Metrics|Logs,0,,,"Traces are specifically designed to map the journey of a single request as it moves across multiple services. Metrics track aggregate values over time, and logs record discrete events."
9,2,true_false,preview,8,A trace shows a request's path through a system.,,true,,,"Yes, that's exactly right; traces map the entire journey of a single request as it moves across different services."
10,2,multiple_choice,exercise,8,Best signal for 'is latency rising'?,Metrics|Traces|Logs,0,,,"Metrics aggregate over time, ideal for trends."
11,2,multiple_choice,exercise,8,A discrete timestamped event is a:,Log|Metric|Trace,0,,,"Logs are the best fit because they capture specific, discrete events with timestamps, whereas metrics track aggregated values over time, and traces map paths."
12,2,true_false,exercise,8,Profiles show CPU time by code path.,,true,,,Continuous profiling is OTel's newest signal.
13,2,match_pairs,exercise,8,Match signal to its strength.,Traces↔flow|Metrics↔trends|Logs↔events|Profiles↔CPU time,,,,"This is correct because traces track flow, metrics show trends over time, logs record specific events, and profiles measure resource usage like CPU time."
14,2,multi_select,exercise,8,Which are OTel signals?,Traces|Metrics|Logs|Screenshots,0|1|2,,,"The three foundational signals defined by OTel are traces, metrics, and logs; screenshots are not considered a standard signal type."
15,3,multiple_choice,main,,What problem did OTel solve?,Vendor lock-in|Slow networks|No logging,0,,,"OpenTelemetry's primary goal was to provide a standardized, vendor-agnostic way to collect telemetry data so you aren't locked into one specific toolset."
16,3,true_false,preview,15,Old proprietary agents locked code to one vendor.,,true,,,"That's right; historically, many monitoring tools used proprietary agents that were deeply integrated with a single vendor's ecosystem, making switching difficult or impossible."
17,3,true_false,exercise,15,Switching vendors once meant re-instrumenting.,,true,,,Proprietary SDKs tied code to one backend.
18,3,multiple_choice,exercise,15,OTel merged which two projects?,OpenTracing+Census|Prometheus+Grafana|ELK+Jaeger,0,,,OpenTelemetry formed in 2019 from OpenTracing and OpenCensus.
19,3,select_blank,exercise,15,OpenTelemetry is a ___ standard.,vendor-neutral|proprietary|closed,0,,,It is vendor-neutral because it was designed specifically to prevent you from being locked into one company’s tools. This ensures your instrumentation code remains portable regardless of the monitoring backend you choose.
20,3,multiple_choice,exercise,15,Who governs OpenTelemetry?,CNCF|One company|No one,0,,,"The CNCF governs OpenTelemetry, which is vital because it ensures that the standard remains open and community-driven rather than being controlled by a single corporation."
21,3,true_false,exercise,15,OTel only works with one backend.,,false,,,It exports to any compatible backend.
22,4,multiple_choice,main,,Switching backends with OTel needs:,No changes|A rewrite|New code,0,,,"Since OpenTelemetry handles the standardized data format, you can swap out your backend collector without having to change how you write your application code. This is the core benefit of open standards."
23,4,true_false,preview,22,Switching backends with OTel needs no code changes.,,true,,,"Exactly. This separation means that while you might need to configure a new endpoint, you don't have to rewrite any of the actual code that generates the telemetry data."
24,4,true_false,exercise,22,A proprietary agent works with any backend.,,false,,,Proprietary formats usually lock to one vendor.
25,4,multiple_choice,exercise,22,OTel's edge over proprietary agents:,Portability|Free cost|Faster CPUs,0,,,OpenTelemetry's core advantage is portability because it provides vendor-neutral standards. This means you aren't locked into one specific tool or cloud provider and can switch backends without rewriting your instrumentation code.
26,4,select_blank,exercise,22,"Switching backends means changing ___, not code.",config|everything|nothing,0,,,"Because OTel standardizes the data format, switching where you send your telemetry is just a matter of updating connection settings or configuration files. You don't have to touch your application code at all."
27,4,multiple_choice,exercise,22,Data you can't export elsewhere is:,Lock-in|Open|Neutral,0,,,"This describes vendor lock-in, which happens when your data format or system is so proprietary that moving it to another platform becomes technically impossible or prohibitively difficult."
28,4,true_false,exercise,22,OTel can export to two backends at once.,,true,,,The Collector can fan out to several exporters.
29,5,multiple_choice,main,,Libraries should depend on the OTel:,API|SDK|Collector,0,,,Library authors call the API only; the app wires in an SDK.
30,5,true_false,preview,29,"Libraries should import OTel's API, not its SDK.",,true,,,"The API defines the stable contract for what data should be collected, while the SDK handles the complex mechanics of how it gets collected. Libraries should only rely on that stable API layer."
31,5,true_false,exercise,29,A library should import the SDK directly.,,false,,,Libraries depend on the API; the app picks an SDK.
32,5,multiple_choice,exercise,29,The SDK's job is:,Process it|Define shape|Nothing,0,,,"While the API defines the shape and structure of the data, the SDK is responsible for the operational heavy lifting—it processes, batches, and exports the collected traces efficiently."
33,5,select_blank,exercise,29,The API is stable; the ___ is swappable.,SDK|prompt|language,0,,,"The core API contract remains stable, but the SDK allows you to adapt how you interact with it for different environments or languages."
34,5,multiple_choice,exercise,29,"With no SDK configured, API calls:",No-op safely|Crash|Block,0,,,"The system is designed to handle missing dependencies gracefully, so calling the API will simply do nothing without causing a crash or blocking execution."
35,5,true_false,exercise,29,API and SDK ship as one package.,,false,,,They're deliberately separate.
36,6,multiple_choice,main,,Auto-instrumenting Express requests is a:,Library|Manual span|Impossible task,0,,,"Because it needs to automatically wrap and modify existing function calls within Express, this functionality must be provided by a dedicated helper library. It is used to capture business logic that automated tools cannot detect."
37,6,true_false,preview,36,Instrumentation libraries auto-generate spans for common frameworks.,,true,,,That's correct; a major benefit of using these libraries is that they abstract away manual tracing by automatically creating spans for common operations within popular frameworks.
38,6,true_false,exercise,36,Manual instrumentation covers business logic.,,true,,,Libraries can't know your domain-specific operations.
39,6,multiple_choice,exercise,36,Instrumentation libraries usually cover:,Frameworks|Your code only|Nothing,0,,,"They are primarily designed to instrument the surrounding context, like database drivers or web frameworks, rather than requiring you to manually wrap every single function in your own application code."
40,6,select_blank,exercise,36,Manual spans live in your ___ code.,app|vendor's|collector's,0,,,"Since you are manually writing the span logic, that code belongs directly within your application source code."
41,6,multiple_choice,exercise,36,Mixing auto- and manual instrumentation is:,Common|Forbidden|Redundant,0,,,It's very common to mix both methods because you use auto-instrumentation for general coverage but manually add spans around critical business logic that needs specific context.
42,6,true_false,exercise,36,Libraries remove all need for manual spans.,,false,,,"They cover common cases, not custom logic."
43,7,multiple_choice,main,,Auto-instrumentation usually needs:,No code edits|A rewrite|New language,0,,,The whole point of auto-instrumentation is that it works by observing existing code paths without requiring you to change a single line of source code.
44,7,true_false,preview,43,Auto-instrumentation needs no source code edits.,,true,,,"That's the core benefit; auto-instrumentation should work out of the box by observing your code, meaning no manual edits are necessary for basic coverage."
45,7,true_false,exercise,43,A Java agent can auto-instrument untouched code.,,true,,,It attaches via bytecode manipulation at startup.
46,7,multiple_choice,exercise,43,Auto-instrumentation is fastest for:,Quick start|Deep logic|Removing spans,0,,,"It provides immediate visibility into the overall system flow, making it perfect for getting a quick baseline view of performance without deep manual effort."
47,7,select_blank,exercise,43,Auto-instrumentation is a ___ way to start.,low-effort|manual|code-heavy,0,,,
48,7,multiple_choice,exercise,43,Auto-instrumentation commonly misses:,Business spans|HTTP calls|DB calls,0,,,
49,7,true_false,exercise,43,Auto and manual instrumentation can combine.,,true,,,"Auto-instrument the framework, add manual spans for logic."
50,8,multiple_choice,main,,A trace represents:,A request|CPU load|One log,0,,,
51,8,true_false,preview,50,A trace records one request end-to-end.,,true,,,
52,8,true_false,exercise,50,A trace can span multiple services.,,true,,,That's what makes distributed tracing useful.
53,8,multiple_choice,exercise,50,A trace is made of:,Spans|Metrics|Log lines,0,,,
54,8,select_blank,exercise,50,A trace tracks one ___ end-to-end.,request|server|deploy,0,,,"A trace follows a single user action or API call—the request—from its entry point all the way through every service it touches. Servers and deployments are just the components that handle many requests, not the thing being tracked end-to-end."
55,8,multiple_choice,exercise,50,Traces mainly help debug:,"Latency, errors|CPU temp|Disk space",0,,,"Since traces map out the flow and timing of a request across multiple services, they are perfect for pinpointing where delays (latency) or failures (errors) occurred. CPU temperature and disk space are infrastructure metrics, not application flow issues."
56,8,true_false,exercise,50,A single-service app gains nothing from tracing.,,false,,,Even one service benefits from seeing internal spans.
57,9,multiple_choice,main,,A span always has a:,"Start, duration|Fixed color|Log level",0,,,A span is fundamentally a unit of work that must have a measurable start time and an associated duration to track its performance. Color or log level are merely optional metadata attached to the span.
58,9,true_false,preview,57,A span has a start time and duration.,,true,,,That's correct; measuring how long any operation took requires both knowing when it started and calculating the time elapsed until it finished.
59,9,true_false,exercise,57,A span can represent a DB query.,,true,,,Any timed unit of work can be a span.
60,9,multiple_choice,exercise,57,A span's duration comes from:,Elapsed time|A config|A guess,0,,,The duration is always calculated dynamically by measuring the actual elapsed time between the span's start and end points. You can't configure a measurement; you only measure what actually happens.
61,9,select_blank,exercise,57,A span is one unit of ___.,work|storage|config,0,,,"A span tracks a specific piece of work or operation within a larger process, so 'work' is the most accurate unit for measuring its duration."
62,9,multiple_choice,exercise,57,Related spans together form a:,Trace|Metric|Log stream,0,,,"A trace represents the entire journey of a single request across multiple services, and all related spans are grouped together to show that complete path."
63,9,true_false,exercise,57,A span can't carry any custom data.,,false,,,Spans carry attributes and events.
64,10,multiple_choice,main,,http.status_code is a span:,Attribute|Event|Trace ID,0,,,"Status codes like http.status_code are descriptive metadata about the operation, which is exactly what an attribute is used for in tracing systems."
65,10,select_blank,preview,64,http.status_code is a span ___.,attribute|event|password,0,,,"Because status codes provide context and description of the span's outcome, they should be recorded as a key-value pair (an attribute) rather than a general event or sensitive data."
66,10,true_false,exercise,64,An event has its own timestamp.,,true,,,Events mark a moment inside the span.
67,10,multiple_choice,exercise,64,A mid-span exception is best recorded as:,An event|New trace|Nothing,0,,,"An exception that happens during an ongoing operation must be captured as an event within the current span, which precisely pinpoints where the failure occurred without starting a new trace."
68,10,select_blank,exercise,64,Attributes are ___ pairs on a span.,key-value|random|encrypted,0,,,"Attributes always store metadata as simple key-value pairs, allowing you to label specific details about the operation recorded in the span."
69,10,multiple_choice,exercise,64,Attributes mainly help you:,Filter spans|Change duration|Delete traces,0,,,"They provide structured metadata, which is essential because it allows you to filter and query specific groups of spans later on."
70,10,true_false,exercise,64,Span attributes and log fields serve similar goals.,,true,,,Both attach structured context.
71,11,multiple_choice,main,,Handling an incoming request is span kind:,Server|Client|Internal,0,,,"When a service receives an incoming request from another service, that initial handling point is marked as a Server span kind."
72,11,multiple_choice,preview,71,An incoming request span kind is:,Server|Client|Internal,0,,,"This confirms that when a service acts as the recipient of an external call, the appropriate span kind to use is 'Server'."
73,11,true_false,exercise,71,An outbound call is kind 'client'.,,true,,,Client kind marks the caller's side.
74,11,multiple_choice,exercise,71,Publishing to a queue uses kind:,Producer|Consumer|Internal,0,,,"Sending messages out to a queue or stream is considered producing data, so the correct span kind to mark this action is Producer."
75,11,multiple_choice,exercise,71,Reading from a queue uses kind:,Consumer|Producer|Server,0,,,"When your service reads messages from a queue, it is acting as the consumer of that data; producers are only responsible for sending messages out."
76,11,select_blank,exercise,71,Span kind describes the span's ___.,role|color|duration,0,,,"The span kind defines what an operation actually does within the system, describing its functional role rather than just how long it took or what color it is."
77,11,match_pairs,exercise,71,Match span kind to its use.,Server↔handles request|Client↔makes request|Producer↔sends message|Consumer↔reads message,,,,"These pairings correctly define the operational roles: clients make calls, servers handle them, producers send messages, and consumers read them."
78,12,multiple_choice,main,,Calling another service creates a:,Child span|New trace|Duplicate,0,,,"When Service A calls Service B, that call is recorded as a child span under Service A's parent span, which keeps all related actions within the same trace context. It represents the total duration of a request and has no parent."
79,12,true_false,preview,78,A child span's parent triggered it.,,true,,,"Yes, this is true; a child span always represents an operation that was initiated or called by its immediate parent span, establishing the causal flow in the trace."
80,12,true_false,exercise,78,A trace's spans form a tree.,,true,,,This tree is what a trace waterfall shows.
81,12,multiple_choice,exercise,78,A span with no parent is the:,Root span|Leaf span|Orphan,0,,,The root span is defined as the starting point of a trace because it has no parent to report to. An orphan would imply that the span exists but cannot be linked back to any process.
82,12,select_blank,exercise,78,A child span usually fits ___ its parent.,within|outside|instead of,0,,,"Child spans represent operations that take place within the scope or time frame of their parent, creating a nested hierarchy. They are logically contained inside the parent's execution window."
83,12,multiple_choice,exercise,78,Root span duration roughly equals:,Total time|Zero|One DB,0,,,"Because the root span must encompass every operation in the trace, its duration accurately reflects the total elapsed time from start to finish for that entire request."
84,12,true_false,exercise,78,A span can have two parents.,,false,,,Each span has exactly one parent.
85,13,multiple_choice,main,,All spans in a trace share the:,Trace ID|Span ID|Service name,0,,,"The Trace ID is the unique identifier that acts like a thread number, linking all individual spans together so you can reconstruct the complete flow of one single transaction across multiple services."
86,13,true_false,preview,85,Every span in a trace shares one trace ID.,,true,,,"This must be true; the entire purpose of distributed tracing is to group related operations into a single trace using that shared, unique Trace ID."
87,13,true_false,exercise,85,Two spans share the same span ID.,,false,,,Span IDs are unique per span.
88,13,multiple_choice,exercise,85,A span references its parent via:,Parent ID|Trace ID|Nothing,0,,,"A span uses a specific Parent ID to reference the immediate operation that called it, which is how the service establishes its place in the call hierarchy."
89,13,select_blank,exercise,85,Trace ID ___ spans as one request.,groups|separates|deletes,0,,,"The Trace ID acts as a unique identifier for the entire request flow, grouping all related spans together even if they pass through multiple services."
90,13,multiple_choice,exercise,85,Trace and span IDs are generated:,Randomly|Sequentially|By hand,0,,,"These IDs must be globally unique to prevent collisions across different systems and time periods, which necessitates random generation rather than simple sequential numbering."
91,13,true_false,exercise,85,A trace ID is reused across requests.,,false,,,Each request gets a fresh trace ID.
92,14,multiple_choice,main,,W3C Trace Context propagates via an:,HTTP header|Cookie|Query param,0,,,"To maintain context as a request moves between services, the tracing information must be passed within the metadata of the call, which is done via HTTP headers."
93,14,select_blank,preview,92,traceparent is a ___ HTTP header.,standard|secret|random,0,,,"The traceparent header is defined by the W3C Trace Context specification, making it an industry-standard way to propagate tracing data."
94,14,true_false,exercise,92,traceparent carries the trace ID.,,true,,,It also carries the parent span ID.
95,14,multiple_choice,exercise,92,"Without propagation, calls get:",Broken traces|One trace|No traces,0,,,"Without proper propagation headers, each service call will generate its own independent span that can't connect to the overall flow, resulting in broken traces."
96,14,select_blank,exercise,92,traceparent is a ___ standard.,W3C|proprietary|deprecated,0,,,"It's part of the W3C standard, meaning it's an industry-wide agreement for how tracing headers should be formatted and used across different systems."
97,14,multiple_choice,exercise,92,W3C Trace Context is recommended for being:,Vendor-neutral|Fastest|Java-only,0,,,"Its primary value is that it's vendor-neutral, ensuring any system built to the standard can communicate tracing context regardless of the underlying technology stack."
98,14,true_false,exercise,92,Most vendors now support W3C Trace Context.,,true,,,It's the widely adopted default.
99,15,multiple_choice,main,,Baggage carries:,Business context|Trace ID|Span duration,0,,,"Baggage is intended for carrying custom, application-specific information—the 'business context'—that isn't part of the core tracing structure like IDs or durations."
100,15,true_false,preview,99,"Baggage carries business context, not trace IDs.",,true,,,"That's correct; trace IDs and span IDs belong in the standard context headers, while Baggage is specifically reserved for carrying non-standard business metadata."
101,15,true_false,exercise,99,Baggage uses a separate header from traceparent.,,true,,,"traceparent for trace context, baggage for its own header."
102,15,multiple_choice,exercise,99,A good baggage use case:,User tier|Passwords|Encryption keys,0,,,"Baggage is designed to carry contextual data, like user tiers, that needs to be available throughout a system's call chain without being part of the main payload."
103,15,select_blank,exercise,99,Baggage travels ___ the trace.,alongside|instead of|before,0,,,The baggage travels alongside the trace because it provides supplementary context about the request as it moves through various services. It doesn't replace or happen before the actual data flow.
104,15,multiple_choice,exercise,99,Large baggage payloads risk:,Header bloat|Faster calls|No effect,0,,,"Larger payloads, even if they are just metadata like in baggage, can increase the overall size of the message headers, leading to header bloat and potentially slowing down calls."
105,15,true_false,exercise,99,Baggage auto-becomes span attributes everywhere.,,false,,,You must explicitly read and attach baggage.
106,16,multiple_choice,main,,Injecting context happens on the:,Sending side|Receiving side|Neither,0,,,Context injection happens on the sending side because that's where the originating service knows what context needs to be passed along to downstream services.
107,16,true_false,preview,106,The sender injects context into request headers.,,true,,,"Yes, the sender is responsible for injecting this contextual information into the request headers so that all subsequent services can pick it up."
108,16,true_false,exercise,106,Extracting context happens on the receiver.,,true,,,The server reads headers to continue the trace.
109,16,order,exercise,106,Order the propagation steps.,Create span|Inject header|Extract header|Continue trace,,,,"The correct order is Create span -> Inject header -> Extract header -> Continue trace. You start by creating a local span, then pass context using headers, which the next service extracts to continue the overall trace."
110,16,multiple_choice,exercise,106,A dropped trace header causes:,Broken trace|Faster trace|No effect,0,,,"If the necessary trace headers are dropped, downstream services won't know how to link their work back to the original request, causing the entire transaction visibility to break."
111,16,select_blank,exercise,106,Propagation needs support on ___ sides.,both|neither|one,0,,,Propagation needs support on both sides because tracing context must be passed from the calling service (injector) and successfully received by the receiving service (extractor).
112,16,true_false,exercise,106,Context propagation works only within one process.,,false,,,Its purpose is crossing process boundaries.
113,17,multiple_choice,main,,A metric that only increases is a:,Counter|Gauge|Histogram,0,,,"A counter is specifically designed to track cumulative totals, meaning it can only move upward and never reset or decrease. Gauges are used for values that fluctuate."
114,17,true_false,preview,113,A counter is a metric that only ever increases.,,true,,,"That's correct; a counter tracks cumulative metrics like total requests or errors, ensuring the value only ever increases over time."
115,17,true_false,exercise,113,A gauge can go up or down.,,true,,,Gauges represent a current value.
116,17,multiple_choice,exercise,113,Latency distribution is best captured by a:,Histogram|Counter|Gauge,0,,,"Histograms are designed to track the full distribution of values, making them perfect for showing how latency varies over time rather than just tracking a single average."
117,17,match_pairs,exercise,113,Match instrument to its use.,Counter↔requests served|Gauge↔memory now|Histogram↔latency spread,,,,"Counters track cumulative totals like requests served, Gauges show instantaneous values such as current memory usage, and Histograms capture the full range or distribution of measurements like latency."
118,17,select_blank,exercise,113,A counter's value only ever ___.,increases|decreases|resets,0,,,"By definition, a counter tracks cumulative metrics, meaning its recorded value can only go up or stay the same over time."
119,17,multiple_choice,exercise,113,CPU temperature right now fits a:,Gauge|Counter|Histogram,0,,,"Since you are only interested in the current, instantaneous reading of the CPU temperature, a Gauge is the appropriate tool for measuring that single point in time."
120,18,multiple_choice,main,,Cumulative temporality reports:,Running total|Just delta|A sample,0,,,"When you look at cumulative metrics, you are viewing the running total of all events that have occurred since the counter was started, not just the change since the last report."
121,18,select_blank,preview,120,Cumulative temporality reports a running ___.,total|sample|delta,0,,,"Cumulative temporality means you are tracking a running total of all events that have ever occurred. If you only reported a delta, the system wouldn't know what the starting point was."
122,18,true_false,exercise,120,Delta temporality resets after each export.,,true,,,It reports only the change since last export.
123,18,multiple_choice,exercise,120,Prometheus typically expects:,Cumulative counters|Delta only|No counters,0,,,Prometheus is built to handle cumulative counters because it needs to calculate rates and totals over time. Sending only deltas makes it impossible for Prometheus to reconstruct the full history accurately.
124,18,select_blank,exercise,120,Temporality decides how a metric ___ over time.,accumulates|renders|colors,0,,,"Temporality defines the mathematical behavior of a metric—whether it adds up, resets, or stays constant—which is accumulation. Rendering or coloring are visualization steps that happen after temporality has been defined."
125,18,multiple_choice,exercise,120,The wrong temporality causes:,Wrong totals|Faster exports|No effect,0,,,"If you set the wrong temporality (for example, treating a delta as a total), the system will perform calculations based on faulty assumptions, resulting in incorrect totals. It definitely won't have no effect."
126,18,true_false,exercise,120,Temporality matters most for counters and histograms.,,true,,,"Gauges are instantaneous, so it applies less."
127,19,multiple_choice,main,,An OTel log record can include a:,Trace ID|Free text|Nothing extra,0,,,"The primary power of OpenTelemetry is linking logs to specific transactions; therefore, including the Trace ID allows you to correlate that log entry back to the larger request flow."
128,19,true_false,preview,127,"OTel logs are structured, not free text.",,true,,,"True; structured logging means data is stored in labeled fields (like severity or service name), which makes it machine-readable and searchable, unlike unstructured free text."
129,19,true_false,exercise,127,Structured logs are easier to query.,,true,,,Fields let you filter instead of parsing strings.
130,19,multiple_choice,exercise,127,A log's severity field shows:,How serious|Duration|Span kind,0,,,"Severity indicates the criticality of the event—is it a minor warning or a major error? Duration and Span kind describe timing or structure, not the importance level."
131,19,select_blank,exercise,127,"OTel logs carry ___ fields, not just text.",structured|encrypted|binary,0,,,"OTel logs are designed to carry structured fields, meaning every piece of data has a specific label (key) attached to it, making analysis much easier than raw text."
132,19,multiple_choice,exercise,127,A log's 'body' field holds:,The message|Trace ID|Span kind,0,,,The 'body' field is reserved for the actual descriptive message or payload detailing what happened; Trace ID and Span kind are metadata that categorize the event.
133,19,true_false,exercise,127,OTel logs can never reference a trace.,,false,,,Attaching trace/span IDs enables correlation.
134,20,multiple_choice,main,,What links a log to its trace?,Shared ID|Same filename|Log level,0,,,"A shared identifier, specifically a Trace ID, is the mechanism used to group all related logs together so you can reconstruct the entire sequence of events."
135,20,true_false,preview,134,Shared trace IDs let you correlate logs.,,true,,,
136,20,true_false,exercise,134,Correlation lets you jump trace to logs.,,true,,,That's the point of shared identifiers.
137,20,multiple_choice,exercise,134,Correlated signals share:,Trace/span IDs|Random UUIDs|File paths,0,,,
138,20,select_blank,exercise,134,Correlation turns signals into one ___ story.,debugging|billing|random,0,,,
139,20,multiple_choice,exercise,134,"Without correlation, debugging means:",Manual searching|Instant answers|No effort,0,,,
140,20,true_false,exercise,134,Resource attributes also help correlation.,,true,,,They narrow logs/metrics to the same service.
141,21,multiple_choice,main,,service.name is a:,Resource attribute|Span attribute|Metric name,0,,,
142,21,select_blank,preview,141,service.name is a ___ attribute.,resource|span|log,0,,,"The service name describes the entire application or component generating the data, which is exactly what a resource attribute tracks. Span and log attributes relate to specific operations within that service."
143,21,true_false,exercise,141,Resource attributes are set once per process.,,true,,,"They describe the emitter, not one span."
144,21,multiple_choice,exercise,141,Resource attributes attach to:,Everything emitted|Only traces|One span,0,,,"Because they describe the source environment (like the service name), these attributes apply universally to every piece of data—traces, logs, and metrics alike. They provide the necessary context for everything being observed."
145,21,select_blank,exercise,141,service.name identifies ___ produced telemetry.,which service|which user|which country,0,,,"This attribute explicitly tells you which specific microservice or application component generated the telemetry data. It's a high-level grouping, unlike user IDs or geographical locations."
146,21,multiple_choice,exercise,141,Missing service.name makes dashboards:,Hard to filter|Faster|More accurate,0,,,"If you can't reliably group telemetry by its source service, it becomes extremely challenging to isolate or filter dashboards for a specific application component. This makes debugging and monitoring much harder."
147,21,true_false,exercise,141,Resource attributes can include pod name.,,true,,,k8s.pod.name is a standard resource attribute.
148,22,multiple_choice,main,,http.method comes from OTel's:,Conventions|Random naming|Each team,0,,,"Standardized protocols like HTTP use established conventions, and OpenTelemetry adopts these industry standards to ensure consistent data collection across different systems. You aren't guessing the name; it follows a known pattern."
149,22,true_false,preview,148,Semantic conventions standardize attribute names.,,true,,,"Yes, semantic conventions are specifically designed to standardize the names and meanings of attributes so that everyone understands what they represent."
150,22,true_false,exercise,148,Conventions enable shared dashboards.,,true,,,Consistent names let one dashboard work everywhere.
151,22,multiple_choice,exercise,148,"Without conventions, teams might:",Use odd names|Auto-agree|Skip fields,0,,,"Without established naming rules, different teams might use conflicting or unusual names for the same concept (like 'user_name' vs. 'username'), leading to confusion and data inconsistency."
152,22,select_blank,exercise,148,Conventions standardize attribute ___ across services.,names|colors|IDs,0,,,"Conventions are used to standardize attribute names across all services so that when you look at a trace, you know exactly what each field means regardless of which service generated it."
153,22,multiple_choice,exercise,148,db.system is a convention for:,Database type|HTTP status|Span kind,0,,,"In the context of distributed tracing, `db.system` is a standard convention used to categorize the type of system or component interacting with the database."
154,22,true_false,exercise,148,"Following conventions is optional, not enforced.",,true,,,"The SDK doesn't force it, but strongly recommends it."
155,23,multiple_choice,main,,OTLP is OpenTelemetry's:,Wire protocol|Query language|Storage engine,0,,,"OTLP (OpenTelemetry Protocol) defines how telemetry data—like traces and metrics—is actually transmitted over the network, making it the standardized wire protocol."
156,23,true_false,preview,155,OTLP is OpenTelemetry's own wire protocol.,,true,,,That's right; OTLP stands for OpenTelemetry Protocol and is the standardized wire format designed to carry telemetry data between components.
157,23,true_false,exercise,155,OTLP can run over gRPC or HTTP.,,true,,,Both transports are supported.
158,23,multiple_choice,exercise,155,OTLP moves data between:,SDK-Collector-backend|Disk only|One process,0,,,"OTLP is specifically designed to move data across the entire observability stack, connecting your application (SDK) through the processing layer (Collector) all the way to the storage system (backend)."
159,23,select_blank,exercise,155,OTLP is OTel's own vendor-___ format.,neutral|specific|locked,0,,,"The key benefit of OTLP is that it's vendor-neutral, meaning you aren't locked into one specific company's format when collecting and sending your data."
160,23,multiple_choice,exercise,155,A backend without OTLP support needs:,A translator|Nothing special|New protocol,0,,,"If a backend doesn't natively understand OTLP, the easiest solution is to use an intermediary translator component. This converts the standardized OTLP data into whatever proprietary format the older backend requires."
161,23,true_false,exercise,155,OTLP is just another name for HTTP.,,false,,,"OTLP can use HTTP, but is its own protocol."
162,24,multiple_choice,main,,An exporter's job is to:,Send data|Create spans|Sample traces,0,,,"An exporter acts as the final delivery mechanism; its sole job is to take the processed telemetry data and send it out to a specific destination, like Jaeger or Prometheus."
163,24,true_false,preview,162,An exporter sends telemetry to a destination.,,true,,,"Yes, that is exactly what an exporter does—it takes the collected data and ships it off to its final destination."
164,24,true_false,exercise,162,A console exporter helps local debugging.,,true,,,It prints telemetry instead of using a real backend.
165,24,multiple_choice,exercise,162,Switching backends usually means changing the:,Exporter|App logic|Trace ID,0,,,"The exporter is responsible for knowing how to talk to a specific backend, so changing the backend means swapping out that component."
166,24,select_blank,exercise,162,An exporter defines where telemetry ___ up.,ends|starts|vanishes,0,,,"The exporter acts as the final gate, defining the point at which the collected data stream finishes its journey."
167,24,multiple_choice,exercise,162,Multiple exporters can run:,At once|Never together|Collector only,0,,,"They are independent modules that handle different destinations, so you can certainly run several simultaneously."
168,24,true_false,exercise,162,An exporter only ever sends traces.,,false,,,"Exporters exist for traces, metrics, and logs."
169,25,multiple_choice,main,,The Collector sits between the app and the:,Backend|Kernel|Compiler,0,,,"The Collector acts as a central intermediary, receiving data from applications before sending it out to various backends for storage or analysis."
170,25,true_false,preview,169,The Collector sits between app and backend.,,true,,,"That's right; the Collector acts as a middleware layer, sitting between your application and the backend system to manage data flow."
171,25,true_false,exercise,169,The Collector is required to use OTel.,,false,,,It's optional but recommended at scale.
172,25,multiple_choice,exercise,169,A Collector benefit is:,Decoupling backends|Faster CPUs|Free storage,0,,,"The main benefit is decoupling backends. This means your app doesn't need to know how the backend works; it just sends data to the Collector, keeping systems independent and flexible."
173,25,select_blank,exercise,169,The Collector is optional but ___.,recommended|forbidden|useless,0,,,"It is highly recommended because while you *can* skip it, using the Collector adds crucial structure, resilience, and monitoring capabilities to your entire data pipeline."
174,25,multiple_choice,exercise,169,Sending data straight to a backend is:,Direct export|Impossible|Illegal,0,,,
175,25,true_false,exercise,169,The Collector can run as its own service.,,true,,,It's typically its own process or container.
176,26,order,main,,Order the Collector pipeline stages.,Receiver|Processor|Exporter,,,,"The flow always starts with the Receiver accepting the raw data, which then moves through the Processor for transformation, and finally exits via the Exporter."
177,26,multiple_choice,preview,176,First stage of a Collector pipeline?,Receiver|Processor|Exporter,0,,,"The pipeline must begin at the Receiver because its sole job is to act as the entry point, accepting and ingesting data from whatever source it's connected to."
178,26,multiple_choice,exercise,176,Data enters the Collector via a:,Receiver|Exporter|Sampler,0,,,"Data always enters the Collector through a dedicated Receiver component. An Exporter sends data out of the system, while a Sampler typically just takes measurements from an existing source."
179,26,true_false,exercise,176,Processors run in configured order.,,true,,,Each processor's output feeds the next.
180,26,true_false,exercise,176,A processor can drop or filter data.,,true,,,That's how filter/sampling processors work.
181,26,select_blank,exercise,176,A pipeline handles one ___ type at a time.,signal|language|region,0,,,"Pipelines are specialized for handling continuous streams of data, which we call a signal. They process this stream sequentially rather than dealing with entire languages or geographical regions at once."
182,26,multiple_choice,exercise,176,The final pipeline stage is the:,Exporter|Receiver|Sampler,0,,,"The Exporter is always the final stage because its job is to take the fully processed data and send it out of the pipeline for external use. Receivers are where data enters, not where it leaves."
183,27,multiple_choice,main,,Which processor prevents OOM crashes?,memory_limiter|batch|filter,0,,,"The memory_limiter is specifically designed to monitor and cap resource usage, preventing the system from running out of memory (OOM) and crashing. Batch processors handle chunks, but they don't inherently manage overall memory limits."
184,27,select_blank,preview,183,The ___ processor prevents OOM crashes.,memory_limiter|batch|filter,0,,,The memory_limiter is the dedicated processor responsible for monitoring and enforcing memory boundaries to prevent Out Of Memory crashes. This mechanism keeps the entire pipeline stable even when data volume spikes unexpectedly.
185,27,true_false,exercise,183,batch groups data for efficient export.,,true,,,"Fewer, larger exports beat many tiny ones."
186,27,multiple_choice,exercise,183,Dropping unwanted spans by rule uses:,filter|batch|receiver,0,,,"Filtering rules are specifically designed to inspect individual spans and drop them based on defined criteria, while batching handles groups of data."
187,27,select_blank,exercise,183,memory_limiter protects against ___ crashes.,out-of-memory|network|disk,0,,,"The memory limiter acts as a safeguard to prevent the entire system from crashing when it runs out of available RAM, specifically addressing Out-of-Memory conditions."
188,27,multiple_choice,exercise,183,Production pipelines almost always include:,memory_limiter|No processors|Only exporters,0,,,"In production environments, stability is critical, so including a memory limiter is standard practice to prevent resource exhaustion and unexpected crashes."
189,27,true_false,exercise,183,Processors are optional in a pipeline.,,true,,,Data can flow receiver straight to exporter.
190,28,multiple_choice,main,,Sampling mainly controls:,Cost & volume|Trace accuracy|Span naming,0,,,"Sampling determines how much data gets recorded and sent, which directly controls the overall cost and sheer volume of traces being processed."
191,28,true_false,preview,190,Sampling keeps only some traces to save cost.,,true,,,"That's correct; sampling is the mechanism used to selectively keep only a subset of traces, which is the primary way to manage costs in high-volume observability systems."
192,28,true_false,exercise,190,Sampling means keeping only some traces.,,true,,,You trade completeness for lower cost.
193,28,multiple_choice,exercise,190,A high-traffic service usually needs:,Sub-100% sampling|No sampling|Zero traces,0,,,"High traffic means you are generating massive amounts of data, so sampling is necessary to avoid overwhelming your system. Zero traces or no sampling would quickly lead to performance bottlenecks and excessive storage costs."
194,28,select_blank,exercise,190,Sampling trades completeness for lower ___.,cost|accuracy|latency,0,,,"Sampling allows you to reduce the volume of collected data, which directly lowers operational cost. While it might slightly affect accuracy if critical paths are missed, latency is usually unaffected by the sampling method itself."
195,28,multiple_choice,exercise,190,A 10% sampling rate keeps roughly:,1-in-10|All traces|No traces,0,,,"A 10% sampling rate means that for every 10 traces generated, you will keep approximately one. This is a simple ratio calculation; it doesn't mean keeping all or no traces."
196,28,true_false,exercise,190,Sampling only matters for tiny apps.,,false,,,It matters most at high traffic volume.
197,29,multiple_choice,main,,Deciding before the trace finishes is:,Head-based|Tail-based|Neither,0,,,"Head-based sampling decides whether to trace based on information available at the start of the request, like the source IP or user ID. This decision is made before any service has finished processing the transaction."
198,29,multiple_choice,preview,197,Deciding after a trace ends is:,Tail-based|Head-based|Neither,0,,,"Tail-based sampling waits until the entire trace is complete to make a decision, allowing you to sample based on criteria like total duration or error codes. This provides much richer context than deciding at the beginning."
199,29,true_false,exercise,197,Tail-based sampling can favor error traces.,,true,,,It decides after seeing the outcome.
200,29,multiple_choice,exercise,197,Head-based sampling's downside is:,Outcome-blind|Too costly|Needs buffering,0,,,"Head-based sampling makes its decision based only on the initial metadata of a trace, meaning it is blind to whether an error or critical outcome happens later in the process."
201,29,select_blank,exercise,197,Tail-based sampling decides ___ the trace ends.,after|before|never,0,,,Tail-based sampling must wait until all spans are collected and the entire trace has finished before it can analyze the full context and decide whether to keep or drop it.
202,29,multiple_choice,exercise,197,Tail-based sampling generally needs:,Buffering traces|No infra|Head-based first,0,,,"Because tail-based sampling needs to see the whole picture, it requires a mechanism to temporarily store (buffer) all incoming traces until the decision point is reached."
203,29,true_false,exercise,197,Head-based sampling is simpler at scale.,,true,,,No buffering of whole traces is needed.
204,30,multiple_choice,main,,A Collector as a K8s DaemonSet is the:,Agent pattern|Gateway pattern|Neither,0,,,"Running a Collector as a DaemonSet ensures that one instance runs on every node, acting like a local agent responsible for collecting data directly from the host's services."
205,30,select_blank,preview,204,A Collector per host is the ___ pattern.,agent|gateway|neither,0,,,"A single collector deployed per host is considered an Agent pattern because it acts as a dedicated, localized service to collect and process data before forwarding it."
206,30,true_false,exercise,204,The gateway pattern centralizes processing.,,true,,,One shared fleet handles data from all apps.
207,30,multiple_choice,exercise,204,The agent pattern deploys a Collector:,"Per host|Once, centrally|Never",0,,,"The agent pattern is designed for decentralized collection, meaning it deploys a collector on every host to gather data locally first. This local approach ensures that the system remains functional even if central connectivity fails."
208,30,select_blank,exercise,204,Agent and gateway patterns can be ___.,combined|never mixed|identical,0,,,"These patterns are complementary rather than mutually exclusive; you can use an agent for robust, local collection and a gateway to manage or forward that data efficiently. They work together to build a complete observability pipeline."
209,30,multiple_choice,exercise,204,A benefit of the agent pattern:,Local buffering|Zero infra|No config,0,,,"The ability to buffer data locally is the key benefit because it allows the system to continue collecting metrics even during network outages, preventing any loss of valuable telemetry data. This makes the entire setup much more resilient."
210,30,true_false,exercise,204,Only one deployment pattern is allowed.,,false,,,Many orgs combine both patterns.
211,31,multiple_choice,main,,A resource detector auto-fills:,Host metadata|Span duration|User passwords,0,,,"Resource detectors are designed to enrich collected data by automatically adding contextual details about the source machine, such as OS type or network metadata. They do not handle sensitive credentials like passwords."
212,31,true_false,preview,211,SDK setup configures a sampler and exporters.,,true,,,"That is correct; setting up an SDK requires configuring both samplers to filter and limit data volume, and exporters to specify the final destination for that telemetry."
213,31,true_false,exercise,211,SDK setup includes choosing a sampler.,,true,,,The sampler decides which traces get recorded.
214,31,multiple_choice,exercise,211,SDK exporters determine:,Data destination|Span names|Sample rate,0,,,"The exporter's primary job is to know where the collected telemetry needs to go, which defines the data destination. While it handles naming and sampling, its core function involves routing the entire data stream."
215,31,select_blank,exercise,211,Resource detectors auto-fill ___ attributes.,resource|span|log,0,,,"Resource detectors are specifically designed to automatically populate the metadata that describes the source of the data, which is stored in resource attributes. They don't touch span or log specific details."
216,31,multiple_choice,exercise,211,Hand-setting every resource attribute is:,Usually unneeded|Only way|Required always,0,,,"Because resource detectors are smart enough to gather most necessary metadata, manual intervention is usually unnecessary. You only need to manually set attributes if the automatic detection fails for a very specific custom requirement."
217,31,true_false,exercise,211,SDK config typically happens once at startup.,,true,,,It wires everything before telemetry starts.
218,32,multiple_choice,main,,An HTTP server span typically records:,Status code|CPU temp|Disk usage,0,,,"Since an HTTP server span tracks web requests, the most critical piece of information is whether the request succeeded or failed, which is captured by the status code. CPU temperature and disk usage are general system metrics, not tied to the transaction itself."
219,32,true_false,preview,218,An HTTP server span records the status code.,,true,,,"Yes, tracking the HTTP status code is fundamental because it immediately tells you if the web request completed successfully (like 200) or encountered an error (like 404). This makes it a core part of any server span."
220,32,true_false,exercise,218,An HTTP span starts when the request arrives.,,true,,,It ends once the response is sent.
221,32,multiple_choice,exercise,218,http.route as an attribute helps you:,By endpoint|Encrypt traffic|Skip sampling,0,,,"The http.route attribute captures the specific path pattern of an endpoint, allowing you to filter and group traces based on which resource was accessed. This is purely metadata for identification, not related to encryption or sampling decisions."
222,32,code_fill,exercise,218,Fill in the method to start a span.,tracer.___('handle')|startSpan,,,,Most OTel SDKs expose a startSpan call.
223,32,select_blank,exercise,218,HTTP instrumentation follows OTel's ___.,conventions|randomness|encryption,0,,,"Instrumentation must follow OTel's conventions because these are the standardized rules and formats that ensure all collected data is consistent across different services and languages. Randomness or encryption relate to security/operation, not structure."
224,32,multiple_choice,exercise,218,Never ending a span eventually causes:,Leaked span|Faster requests|Nothing,0,,,"If a span starts but never gets explicitly ended, it creates an incomplete record known as a leaked span, which corrupts the integrity of your trace data. This is a reporting issue, not a performance one."
225,33,multiple_choice,main,,db.system as an attribute records the:,Database type|Row count|Query result,0,,,"The db.system attribute specifically records the type or vendor of the database used (e.g., MySQL or Postgres). Row count and query results are separate metrics that should be recorded using different attributes."
226,33,true_false,preview,225,DB spans should avoid raw query values.,,true,,,"This is a critical security best practice; including raw SQL queries risks exposing sensitive user data, passwords, or proprietary information in your traces. You should only record sanitized details."
227,33,true_false,exercise,225,Raw query parameters should stay out of spans.,,true,,,They can leak sensitive user data.
228,33,multiple_choice,exercise,225,A slow DB span helps you spot:,Query issues|HTTP codes|Disk temp,0,,,"A slow span directly points to performance bottlenecks within the database itself, usually indicating an inefficient query or missing index. It doesn't provide information about network status or general system health."
229,33,select_blank,exercise,225,DB spans should avoid leaking ___ values.,sensitive|public|empty,0,,,You must never leak sensitive data like passwords or PII into your spans because those logs are often stored long-term and pose a significant security risk. The goal is observability without compromising privacy.
230,33,multiple_choice,exercise,225,db.operation might record:,SELECT|200|3.7ms,0,,,"The `db.operation` attribute captures the specific type of database command that was executed, such as 'SELECT' or 'UPDATE'. HTTP codes and durations are recorded in different fields."
231,33,true_false,exercise,225,Most common DB drivers have ready libraries.,,true,,,Most popular DB clients have instrumentation available.
232,34,multiple_choice,main,,Queue context propagation must be handled:,Manually|Automatically|It's impossible,0,,,"Since queues introduce an asynchronous gap between services, the tracing system cannot automatically pass context; you must manually inject and extract the trace headers to maintain continuity."
233,34,true_false,preview,232,Queue context must be injected manually.,,true,,,"This is true because when a request crosses into a queue, it becomes an asynchronous boundary that requires explicit manual injection of tracing context to link the spans correctly."
234,34,true_false,exercise,232,A producer injects context before sending.,,true,,,The consumer extracts it to continue the trace.
235,34,multiple_choice,exercise,232,"Without this, a queued trace would:",Splits apart|Stay linked|Vanish,0,,,"Without the necessary context headers passed along, a queued trace cannot maintain its link to the original operation and will appear as an isolated event that splits apart."
236,34,select_blank,exercise,232,Async propagation needs the ___ to carry context.,message|cable|database,0,,,"When communication is asynchronous, the context must be embedded directly into the message payload so that the receiving service knows exactly where in the overall transaction flow it needs to start tracing."
237,34,multiple_choice,exercise,232,"A consumer span's parent, once extracted, is the:",Producer's span|New root|Nothing,0,,,"Even though the consumer starts its own span, setting its parentage back to the producer's original span ensures that the entire causal chain remains visible for accurate monitoring."
238,34,true_false,exercise,232,Kafka and RabbitMQ both support message-metadata propagation.,,true,,,"Yes, modern message brokers are designed to carry metadata headers alongside messages, which is crucial because it allows distributed tracing context to propagate between decoupled services."
239,35,multiple_choice,main,,Continuous profiling shows where:,CPU usage|Packets go|Disk fills,0,,,"Continuous profiling samples and records the actual function calls and resource consumption in real-time, giving you a detailed view of where your application's CPU time is being spent."
240,35,true_false,preview,239,Profiling shows where CPU time goes.,,true,,,"Yes, that's exactly what it does; profiling helps pinpoint which functions or lines of code are consuming the most computational resources."
241,35,true_false,exercise,239,Profiling became a signal in 2026.,,true,,,"It joined traces, metrics, and logs as signal four."
242,35,multiple_choice,exercise,239,Profiling is most useful for:,Hot paths|Naming spans|Sampling traces,0,,,"Profiling shines when you need to find ""hot paths""—the specific sections of code responsible for the majority of execution time and potential slowdowns."
243,35,select_blank,exercise,239,OTel profiling can correlate with the active ___.,trace|database|sampler,0,,,"Profiling data is inherently linked to an active trace, allowing you to see exactly which code segment contributed to the overall duration of that single request."
244,35,multiple_choice,exercise,239,A profile sample typically captures a:,Call stack|Full body|DB schema,0,,,"Profiling works by taking periodic snapshots, or samples, of the program's state, which primarily includes the current call stack to show where execution was paused."
245,35,true_false,exercise,239,Profiling replaces tracing entirely.,,false,,,It's a complementary fourth signal.
246,36,multiple_choice,main,,Switching from Jaeger to a new backend changes:,Exporter config|App code|Trace format,0,,,You usually only need to update the exporter configuration because you are just changing where the collected trace data gets sent; the core application code and format remain untouched.
247,36,true_false,preview,246,OTel lets you switch backends via config.,,true,,,
248,36,true_false,exercise,246,Prometheus is a common metrics backend.,,true,,,It's a popular choice for metrics storage.
249,36,multiple_choice,exercise,246,Jaeger is typically used as a:,Tracing backend|Metrics-only tool|Log parser,0,,,
250,36,select_blank,exercise,246,Neutrality means the backend isn't ___ in.,locked|opened|chosen,0,,,
251,36,multiple_choice,exercise,246,A team evaluating backends can usually:,Try several|Pick once|Rewrite always,0,,,
252,36,true_false,exercise,246,Every backend needs totally different instrumentation.,,false,,,Instrumentation stays the same; only exporters differ.
253,37,multiple_choice,main,,A raw user ID on every metric risks:,Cardinality blowup|Faster queries|No effect,0,,,
254,37,true_false,preview,253,High-cardinality labels blow up storage cost.,,true,,,"Yes, because every unique label combination (high cardinality) forces the system to store more metadata and indexes, which rapidly increases storage costs."
255,37,true_false,exercise,253,Too many low-value spans bury signal.,,true,,,Over-instrumentation creates noise hiding what matters.
256,37,multiple_choice,exercise,253,High cardinality mainly hurts:,Storage/query cost|Trace ID format|Nothing,0,,,"It primarily impacts storage and query performance because the system has to index every unique combination of labels, making both storage and lookups much larger."
257,37,select_blank,exercise,253,An unbounded metric label causes ___ cardinality.,high|low|zero,0,,,"Because the label can take on an infinite or very large number of unique values over time, it results in extremely high cardinality."
258,37,multiple_choice,exercise,253,A good fix for high cardinality:,Use attrs|Delete telemetry|Ignore it,0,,,Traces tolerate high-cardinality attributes far better than metric labels.
259,37,true_false,exercise,253,Every possible span should be instrumented.,,false,,,Instrument what's genuinely useful.
260,38,multiple_choice,main,,The OTel Operator manages Collectors as K8s:,Custom resources|Cron jobs|Manual scripts,0,,,"Operators are designed to manage applications using Kubernetes' native Custom Resource Definition (CRD) mechanism, treating the Collector like a managed resource."
261,38,true_false,preview,260,The Operator manages Collectors as K8s resources.,,true,,,That's right; the whole point of an Operator is to extend Kubernetes functionality by managing complex applications using standard resource definitions.
262,38,true_false,exercise,260,The Operator can inject auto-instrumentation.,,true,,,It patches pod specs at deploy time.
263,38,true_false,exercise,260,The Operator manages Collectors via K8s custom resources.,,true,,,It exposes Collector config as a Kubernetes CRD you apply like any other manifest.
264,38,select_blank,exercise,260,"The Operator manages Collectors ___, not by hand.",declaratively|manually|never,0,,,
265,38,multiple_choice,exercise,260,Auto-instrumentation injection happens via a:,Sidecar|Dockerfile edit|SSH session,0,,,
266,38,true_false,exercise,260,The Operator is the only way to run OTel.,,false,,,You can also deploy the Collector manually.
