term,definition,link,introduced_by_card_id
Observability,"The ability to answer brand-new questions about a running system using data it already emits, without shipping new code just to investigate that one question.",https://opentelemetry.io/docs/concepts/observability-primer/,1
Trace,"The full end-to-end record of one request as it travels through your system, possibly across many services, stitched together from all the timed steps it went through.",https://opentelemetry.io/docs/concepts/signals/traces/,9
Span,"One timed unit of work inside a trace — like 'handle this HTTP request' or 'run this DB query' — with a start time, a duration, and optional extra detail attached to it.",https://opentelemetry.io/docs/concepts/signals/traces/#spans,36
Metric,"A numeric measurement recorded over time, like requests-per-second or memory usage, aggregated to spot trends rather than to explain any single event.",https://opentelemetry.io/docs/concepts/signals/metrics/,8
Log,"A discrete, timestamped record of something that happened, usually a short text or structured message — the oldest and most familiar of the telemetry signals.",https://opentelemetry.io/docs/concepts/signals/logs/,8
Continuous profiling,"OpenTelemetry's newest signal: repeatedly sampling which line of code is running on the CPU right now, so you can see exactly where CPU time is actually going.",https://opentelemetry.io/docs/concepts/signals/profiles/,239
Vendor lock-in,The trap of a proprietary tracing/monitoring agent tying your instrumented code so tightly to one company's backend that switching providers later means re-instrumenting everything from scratch.,https://en.wikipedia.org/wiki/Vendor_lock-in,15
OpenTracing,"An older open standard for distributed tracing that merged with OpenCensus in 2019 to form OpenTelemetry, so it's no longer maintained on its own.",https://opentracing.io/,15
OpenCensus,"An older Google-originated project for collecting traces and metrics that merged with OpenTracing in 2019 to form OpenTelemetry, so it's no longer maintained on its own.",https://opencensus.io/,15
CNCF,"The Cloud Native Computing Foundation, the neutral non-profit that hosts and governs open infrastructure projects like OpenTelemetry and Kubernetes so no single vendor controls their direction.",https://www.cncf.io/,15
No-op,"The safe default behavior of an OpenTelemetry API call when no SDK has been configured: it silently does nothing instead of crashing, so instrumented library code never breaks an app that hasn't set up telemetry.",https://opentelemetry.io/docs/concepts/instrumentation/libraries/,29
Manual instrumentation,Tracing code you write by hand to capture your own business logic — the parts of your app an instrumentation library can't know about because they're specific to what your code does.,https://opentelemetry.io/docs/concepts/instrumentation/code-based/,36
Auto-instrumentation,"A way to add tracing to an application with no source code edits at all, typically by attaching an agent that rewrites the compiled code's behavior at startup to inject spans automatically.",https://opentelemetry.io/docs/concepts/instrumentation/zero-code/,43
Span attribute,"A key-value pair attached to a span to add searchable detail, like recording http.status_code=200 or db.system=postgres alongside the span's timing.",https://opentelemetry.io/docs/concepts/signals/traces/,64
Span kind,"A label describing the role a span played in a request — server (handling an incoming call), client (making an outbound call), internal, producer (sending a queue message), or consumer (reading one).",https://opentelemetry.io/docs/concepts/signals/traces/,71
Root span,"The very first span in a trace, the one with no parent — its duration roughly equals the total time the whole request took.",https://opentelemetry.io/docs/concepts/signals/traces/,78
Trace ID,"The single identifier shared by every span belonging to the same request, which is how a backend groups scattered spans back into one trace.",https://opentelemetry.io/docs/concepts/signals/traces/,64
Span ID,"A unique identifier for one individual span, distinct from every other span's ID, even ones in the same trace.",https://opentelemetry.io/docs/concepts/signals/traces/,85
W3C Trace Context,"The standardized HTTP header format (traceparent) for carrying a request's trace ID and parent span ID across a network call, so a distributed trace stays connected between services.",https://www.w3.org/TR/trace-context/,92
traceparent,The specific HTTP header defined by the W3C Trace Context standard that actually carries the trace ID and parent span ID from one service to the next.,https://www.w3.org/TR/trace-context/,93
Baggage,"User-defined key-value business context (like a customer's plan tier) that travels alongside a trace in its own HTTP header, separate from traceparent, and must be explicitly read to become useful.",https://opentelemetry.io/docs/concepts/signals/baggage/,99
Context propagation,"The mechanism of injecting trace context into an outgoing request's headers on the sending side, then extracting it back out on the receiving side, so a trace stays linked across service boundaries.",https://opentelemetry.io/docs/concepts/context-propagation/,232
Counter,"A metric instrument whose value only ever goes up, like a running count of total requests served — never decreases, never resets on its own.",https://opentelemetry.io/docs/specs/otel/metrics/api/,113
Gauge,"A metric instrument that represents a current value which can go up or down at any time, like CPU temperature right now or how much memory is in use.",https://opentelemetry.io/docs/specs/otel/metrics/api/,113
Histogram,"A metric instrument that captures the distribution of many values, like request latency, so you can see not just an average but how spread out the measurements are.",https://opentelemetry.io/docs/specs/otel/metrics/api/,113
Cumulative temporality,"A way of reporting a metric where each export shows the running total accumulated since the very start, rather than just what changed recently.",https://opentelemetry.io/docs/specs/otel/metrics/data-model/,120
Delta temporality,"A way of reporting a metric where each export shows only the change since the last export, resetting after every report instead of accumulating forever.",https://opentelemetry.io/docs/specs/otel/metrics/data-model/,120
Resource attribute,"Metadata set once per process that describes the thing producing telemetry — like which service or which Kubernetes pod — rather than describing any single span, metric, or log.",https://opentelemetry.io/docs/concepts/resources/,141
service.name,"The specific resource attribute that identifies which service produced a given piece of telemetry, essential for filtering dashboards when many services share one backend.",https://opentelemetry.io/docs/specs/semconv/resource/,141
Semantic conventions,"OpenTelemetry's standardized names for common attributes (like http.method or db.system), so different teams' telemetry uses the same field names and can share one dashboard.",https://opentelemetry.io/docs/specs/semconv/,149
Exporter,"The component responsible for sending processed telemetry out to its final destination, like a specific backend or just the console for local debugging — switching backends usually just means swapping the exporter.",https://opentelemetry.io/docs/collector/configuration/,162
Collector,"An optional but recommended standalone process that sits between your app and its backend, receiving, processing, and re-exporting telemetry, so apps don't need to know backend details directly.",https://opentelemetry.io/docs/collector/,22
Receiver,"The first stage of a Collector pipeline, responsible for accepting incoming telemetry data before it's processed.",https://opentelemetry.io/docs/collector/configuration/,176
Processor,"The middle stage of a Collector pipeline that transforms, filters, batches, or otherwise modifies telemetry data as it flows through, with multiple processors running in the order you configure them.",https://opentelemetry.io/docs/collector/configuration/,176
Sampling,"Deliberately keeping only a fraction of traces instead of every single one, trading some completeness for lower storage cost and query load at high traffic volume.",https://opentelemetry.io/docs/concepts/sampling/,190
Head-based sampling,"Deciding whether to keep a trace right at its start, before the request has even finished — simple and needs no buffering, but can't factor in how the trace actually turned out.",https://opentelemetry.io/docs/concepts/sampling/,197
Tail-based sampling,"Deciding whether to keep a trace only after it's fully finished, which lets you favor traces with errors or slow outcomes, but requires buffering the whole trace in memory until then.",https://opentelemetry.io/docs/concepts/sampling/,198
Agent pattern,"A Collector deployment pattern where one Collector instance runs on every host (like a Kubernetes DaemonSet), giving local buffering close to each app.",https://opentelemetry.io/docs/collector/deployment/agent/,204
Gateway pattern,"A Collector deployment pattern where one small centralized fleet of Collectors handles telemetry from every app, instead of running a Collector per host.",https://opentelemetry.io/docs/collector/deployment/gateway/,204
Resource detector,"A piece of SDK setup code that automatically fills in resource attributes (like the Kubernetes pod name or cloud region) by reading them from the environment at startup, so you don't have to hand-type values that are already discoverable.",https://opentelemetry.io/docs/concepts/resources/,211
Cardinality,"How many distinct combinations of label values a metric can take on — attaching something highly variable, like a raw user ID, to a metric label causes a cardinality blowup that overwhelms storage and query cost.",https://en.wikipedia.org/wiki/Cardinality_(data_modeling),253
SDK,"Software development kit: the library that implements an API, for OpenTelemetry the part that samples, batches and exports data.",https://opentelemetry.io/docs/specs/otel/overview/,
SDKs,Software development kits: the libraries that implement OpenTelemetry's APIs in each language.,https://opentelemetry.io/docs/specs/otel/overview/,
OpenTelemetry,"An open-source standard and toolset for producing traces, metrics and logs from software.",https://opentelemetry.io/docs/what-is-opentelemetry/,
API,Application programming interface: a defined way for one program to ask another for something.,https://en.wikipedia.org/wiki/API,
OTLP,"OpenTelemetry Protocol: the standard format for sending telemetry between apps, collectors and back ends.",https://opentelemetry.io/docs/specs/otlp/,
W3C,"World Wide Web Consortium: the group that publishes web standards, including the trace-context header.",https://en.wikipedia.org/wiki/World_Wide_Web_Consortium,
CPU,Central processing unit: the processor that executes a program's instructions.,https://en.wikipedia.org/wiki/Central_processing_unit,
RAM,Random-access memory: the fast working memory a computer uses to hold running programs and data.,https://en.wikipedia.org/wiki/Random-access_memory,
IDs,"Identifiers: unique names or numbers that pick out one thing, such as a trace ID.",https://en.wikipedia.org/wiki/Identifier,
IP,Internet Protocol address: the number that identifies a device on a network.,https://en.wikipedia.org/wiki/IP_address,
K8s,"Short for Kubernetes: K, then 8 letters, then s.",https://en.wikipedia.org/wiki/Kubernetes,
DaemonSet,A Kubernetes object that runs one copy of a pod on every node.,https://kubernetes.io/docs/concepts/workloads/controllers/daemonset/,
CRD,Custom resource definition: a way to add your own object types to Kubernetes.,https://kubernetes.io/docs/concepts/extend-kubernetes/api-extension/custom-resources/,
OOM,Out of memory: the state where a process needs more memory than is available and is killed.,https://en.wikipedia.org/wiki/Out_of_memory,
OS,Operating system: the software that manages a computer's hardware and runs other programs.,https://en.wikipedia.org/wiki/Operating_system,
SQL,Structured Query Language: the standard language for querying relational databases.,https://en.wikipedia.org/wiki/SQL,
SELECT,The SQL statement that reads rows from a table.,https://en.wikipedia.org/wiki/Select_(SQL),
MySQL,A widely used open-source relational database.,https://en.wikipedia.org/wiki/MySQL,
RabbitMQ,An open-source message broker that passes messages between services.,https://en.wikipedia.org/wiki/RabbitMQ,
PII,"Personally identifiable information: data that can identify a person, such as a name or email.",https://en.wikipedia.org/wiki/Personal_data,
db.system,"An OpenTelemetry attribute naming the database product, such as postgresql or mysql.",https://opentelemetry.io/docs/specs/semconv/database/database-spans/,
db.operation,"An OpenTelemetry attribute naming the database operation, such as SELECT or INSERT.",https://opentelemetry.io/docs/specs/semconv/database/database-spans/,
http.status_code,"An OpenTelemetry attribute holding the HTTP response status code, such as 200 or 404.",https://opentelemetry.io/docs/specs/semconv/http/http-spans/,
ELK,"The Elasticsearch, Logstash and Kibana stack, a popular set of tools for collecting and searching logs.",https://en.wikipedia.org/wiki/Elasticsearch,18
CPUs,Central processing units: the processors that run a computer's programs.,https://en.wikipedia.org/wiki/Central_processing_unit,
UUIDs,Universally unique identifiers: 128-bit random-looking IDs that are practically never repeated.,https://en.wikipedia.org/wiki/Universally_unique_identifier,137
Dockerfile,A text file listing the instructions Docker follows to build an image.,https://docs.docker.com/reference/dockerfile/,265
SSH,Secure Shell: an encrypted protocol for logging in to and running commands on another machine.,https://en.wikipedia.org/wiki/Secure_Shell,265
Traces,"Records of the path one request takes through a system, made of connected spans.",https://opentelemetry.io/docs/concepts/signals/traces/,9
Spans,"Single timed operations within a trace, such as one function call or database query.",https://opentelemetry.io/docs/concepts/signals/traces/,36
Metrics,"Numbers measured over time, such as request counts or memory use.",https://opentelemetry.io/docs/concepts/signals/metrics/,8
Logs,Timestamped text records of events that happened in a program.,https://opentelemetry.io/docs/concepts/signals/logs/,8
Counters,"Metrics that only ever go up, such as the total number of requests served.",https://opentelemetry.io/docs/specs/otel/metrics/api/,113
Gauges,"Metrics that report a current value that can rise or fall, such as memory in use.",https://opentelemetry.io/docs/specs/otel/metrics/api/,113
Histograms,"Metrics that count how many measurements fall into value ranges, such as request durations.",https://opentelemetry.io/docs/specs/otel/metrics/api/,113
Resource attributes,"Details describing the thing that produces telemetry, such as service name and host.",https://opentelemetry.io/docs/concepts/resources/,141
Exporters,Components that send collected telemetry to a backend.,https://opentelemetry.io/docs/collector/configuration/,162
Collectors,"The OpenTelemetry Collector programs that receive, process and forward telemetry.",https://opentelemetry.io/docs/collector/,22
Processors,"Collector components that change or filter telemetry, such as batching or limiting memory.",https://opentelemetry.io/docs/collector/configuration/,176
Gateway patterns,A collector setup where a central service receives telemetry from many agents.,https://opentelemetry.io/docs/collector/deployment/gateway/,204
Resource detectors,Components that automatically fill in resource attributes such as cloud region or host name.,https://opentelemetry.io/docs/languages/js/resources/,211
